<?xml version="1.0" encoding="UTF-8"?>

<mule xmlns:ee="http://www.mulesoft.org/schema/mule/ee/core" xmlns:http="http://www.mulesoft.org/schema/mule/http"
	xmlns="http://www.mulesoft.org/schema/mule/core"
	xmlns:doc="http://www.mulesoft.org/schema/mule/documentation" xmlns:xsi="http://www.w3.org/2001/XMLSchema-instance" xsi:schemaLocation="http://www.mulesoft.org/schema/mule/core http://www.mulesoft.org/schema/mule/core/current/mule.xsd
http://www.mulesoft.org/schema/mule/http http://www.mulesoft.org/schema/mule/http/current/mule-http.xsd
http://www.mulesoft.org/schema/mule/ee/core http://www.mulesoft.org/schema/mule/ee/core/current/mule-ee.xsd">
	<http:listener-config name="HTTP_Listener_config" doc:name="HTTP Listener config" doc:id="7c3965ad-f792-478a-bb0b-3cc4071333f1" >
		<http:listener-connection host="0.0.0.0" port="8081" />
	</http:listener-config>
	<flow name="dataweaveFlow" doc:id="ea9ba8fc-9339-4afd-96ef-b4efbe4e4a24" >
		<http:listener doc:name="Listener" doc:id="88e52d96-005c-45ae-a7bb-0fff78baa2fc" config-ref="HTTP_Listener_config" path="/flights" allowedMethods="POST" outputMimeType="application/json"/>
		<ee:transform doc:name="Transform Message" doc:id="ab01d3cd-9ab2-497e-97f9-c4f7401ef171" >
			<ee:message >
				<ee:set-payload ><![CDATA[%dw 2.0
output application/json
---
flights:{
	desc:"Flight Details",
	price:payload.price,
	start:payload.fromAirportCode,
	end:payload.toAirportCode,
	totalSeat:payload.totalSeats,
	
	}	]]></ee:set-payload>
			</ee:message>
		</ee:transform>
		<logger level="INFO" doc:name="Logger" doc:id="aae997a1-a906-485c-aec9-484fe6faa8ad" message="#[payload]"/>
	</flow>
	<flow name="dataweaveFlow1" doc:id="e533fc1c-2982-421d-8833-7093d1feb836" >
		<http:listener doc:name="Listener" doc:id="bddbf574-7829-413b-9913-7e87ad1f630a" config-ref="HTTP_Listener_config" allowedMethods="POST" path="/transforn" outputMimeType="application/json"/>
		<ee:transform doc:name="Transform Message" doc:id="a8c69677-5edc-485f-b075-f7a72aef256e" >
			<ee:message >
				<ee:set-payload ><![CDATA[%dw 2.0
output application/java
---
"flightDetails":payload map{
	"index":$$,
	"Values":$$

}]]></ee:set-payload>
			</ee:message>
		</ee:transform>
		<logger level="INFO" doc:name="Logger" doc:id="eebd57f6-c35d-4d0c-b7c0-aa787ea628a3" message="#[payload]"/>
	</flow>
</mule>
