<?xml version="1.0" encoding="UTF-8"?>

<mule xmlns:ee="http://www.mulesoft.org/schema/mule/ee/core" xmlns:http="http://www.mulesoft.org/schema/mule/http"
	xmlns="http://www.mulesoft.org/schema/mule/core"
	xmlns:doc="http://www.mulesoft.org/schema/mule/documentation" xmlns:xsi="http://www.w3.org/2001/XMLSchema-instance" xsi:schemaLocation="http://www.mulesoft.org/schema/mule/core http://www.mulesoft.org/schema/mule/core/current/mule.xsd
http://www.mulesoft.org/schema/mule/http http://www.mulesoft.org/schema/mule/http/current/mule-http.xsd
http://www.mulesoft.org/schema/mule/ee/core http://www.mulesoft.org/schema/mule/ee/core/current/mule-ee.xsd">
	<http:listener-config name="HTTP_Listener_config" doc:name="HTTP Listener config" doc:id="93c8f6b0-c5af-41a1-8355-e63568b03edb" >
		<http:listener-connection host="0.0.0.0" port="8081" />
	</http:listener-config>
	<flow name="assignmentFlow" doc:id="96a4214c-a1e8-475b-8dfc-e283f0d4193c" >
		<http:listener doc:name="Listener" doc:id="ebf56517-07fa-4e92-ad65-4200ae40f158" config-ref="HTTP_Listener_config" path="/rose" outputMimeType="application/json" allowedMethods="POST"/>
		<ee:transform doc:name="Transform Message" doc:id="c2938cac-620d-4041-a0f6-efae245f08f6" >
			<ee:message >
				<ee:set-payload ><![CDATA[output application/json
var regexEmail = /^[^.][a-zA-Z0-9.!#$%&’*+\/=?^_`{|}~-]+@[a-zA-Z0-9-](?!.*?\.\.)[^_ ; ,<>\/\\]+(?:\.[a-zA-Z0-9-]+)[^.]*$/
---
payload map using (email = $.email) {
 (validEmail: email) if (email matches regexEmail),
 (invalidEmail: email) if ( not  (email matches regexEmail))
}]]></ee:set-payload>
			</ee:message>
		</ee:transform>
		<set-payload value="#[payload]" doc:name="Set Payload" doc:id="38605ae3-c02d-42e3-b4c2-fbc34c9a395a" />
	</flow>
</mule>
