<?xml version="1.0" encoding="UTF-8"?>

<mule xmlns:ee="http://www.mulesoft.org/schema/mule/ee/core" xmlns:db="http://www.mulesoft.org/schema/mule/db"
	xmlns:http="http://www.mulesoft.org/schema/mule/http"
	xmlns="http://www.mulesoft.org/schema/mule/core" xmlns:doc="http://www.mulesoft.org/schema/mule/documentation" xmlns:xsi="http://www.w3.org/2001/XMLSchema-instance" xsi:schemaLocation="http://www.mulesoft.org/schema/mule/core http://www.mulesoft.org/schema/mule/core/current/mule.xsd
http://www.mulesoft.org/schema/mule/http http://www.mulesoft.org/schema/mule/http/current/mule-http.xsd
http://www.mulesoft.org/schema/mule/db http://www.mulesoft.org/schema/mule/db/current/mule-db.xsd
http://www.mulesoft.org/schema/mule/ee/core http://www.mulesoft.org/schema/mule/ee/core/current/mule-ee.xsd">
	<http:listener-config name="HTTP_Listener_config" doc:name="HTTP Listener config" doc:id="1982e47f-7f45-4769-9403-a59ccabc00f8" >
		<http:listener-connection host="0.0.0.0" port="8081" />
	</http:listener-config>
	<db:config name="Database_Config" doc:name="Database Config" doc:id="c9ad335d-b401-4346-a214-afcd898869f5" >
		<db:my-sql-connection host="localhost" port="3306" user="root" password="Mango@11" database="empdetails" />
	</db:config>
	<flow name="databaseconfigflowFlow" doc:id="7980cb9d-f00f-41e9-8e1b-4fe87a88b201" >
		<http:listener doc:name="Listener" doc:id="9f7f85c4-b32e-4a99-afa6-d3dc8825e091" config-ref="HTTP_Listener_config" path="/dbconfig"/>
		<logger level="INFO" doc:name="Logger" doc:id="28711456-b8de-4180-82ee-95af4ce7c41b" message="connecting to database...."/>
		<db:select doc:name="Select" doc:id="171fe164-bb07-40e3-8792-07c2e0794afb" config-ref="Database_Config">
			<db:sql ><![CDATA[SELECT * FROM empdetails.data;]]></db:sql>
		</db:select>
		<ee:transform doc:name="Transform Message" doc:id="db790e7e-aa8f-405c-96f2-88cad9fe1902" >
			<ee:message >
				<ee:set-payload ><![CDATA[%dw 2.0
output application/json
---
payload]]></ee:set-payload>
			</ee:message>
		</ee:transform>
	</flow>
</mule>
