<?xml version='1.0' encoding='UTF-8'?>
<types:mule xmlns:types="http://www.mulesoft.org/schema/mule/types">
  <types:catalog>
    <types:type name="json_request" format="json">
      <types:shape format="weave" example="examples/flight-example.json"><![CDATA[%dw 2.0

type json_request = Array<{|  airline: String,   flightCode: String,   fromAirportCode: String,   toAirportCode: String,   departureDate: String,   emptySeats: Number {"typeId": "int"},   totalSeats: Number {"typeId": "int"},   price: Number {"typeId": "int"},   planeType: String|}> {"example": "[{\\\"airline\\\":\\\"United\\\",\\\"flightCode\\\":\\\"ER38sd\\\",\\\"fromAirportCode\\\":\\\"LAX\\\",\\\"toAirportCode\\\":\\\"SFO\\\",\\\"departureDate\\\":\\\"DEC 24, 2021\\\",\\\"emptySeats\\\":0,\\\"totalSeats\\\":200,\\\"price\\\":199,\\\"planeType\\\":\\\"Boeing 737\\\"}]"}

]]></types:shape>
    </types:type>
  </types:catalog>
  <types:enrichment select="#a8c69677-5edc-485f-b075-f7a72aef256e">
    <types:processor-declaration>
      <types:output-event>
        <types:message>
          <types:payload type="json_request"/>
        </types:message>
      </types:output-event>
    </types:processor-declaration>
  </types:enrichment>
</types:mule>